{"loss": -522.6524658203125, "kld_prior": 0.0076713552698493, "reg": 2.0547332763671875, "recon_loss_0": 1.022026777267456, "kld_0": 0.005701377056539059, "recon_loss_1": 1.0199322700500488, "kld_1": 0.007072703912854195, "_timestamp": 1655209113, "_runtime": 13, "_step": 1, "epoch": 1, "_wandb": {"runtime": 21}}