{"train_loss": 0.0006859050504863262, "_timestamp": 1661344922, "_runtime": 23, "_step": 40, "test_loss": 0.7494116079231555, "_wandb": {"runtime": 25}}