{"train_loss": 30.036640167236328, "_timestamp": 1655915484, "_runtime": 29, "_step": 43, "test_loss": 29.76887321472168, "samples": {"_type": "image-file", "sha256": "6c3e5d9c6aee7556c868c9e70a0b19dca434363a2b8d0fc6191a6a52a7bb37ee", "size": 48154, "path": "media/images/samples_35_6c3e5d9c6aee7556c868.png", "format": "png", "width": 242, "height": 242}, "_wandb": {"runtime": 31}}