{"loss_0_train": 139.35565185546875, "loss_1_train": 9.129271507263184, "loss_train": -148.48495483398438, "kld_prior_train": 51.50381851196289, "reg_train": NaN, "recon_loss_0_train": NaN, "kld_0_train": NaN, "recon_loss_1_train": 5.471408843994141, "kld_1_train": 49.59549331665039, "_timestamp": 1665673662.6602576, "_runtime": 35.96676754951477, "_step": 1, "beta_kl": 1, "_wandb": {"runtime": 39}}