{"loss_0_train": 164.38092041015625, "loss_1_train": 10.485383033752441, "loss_train": -174.86630249023438, "kld_prior_train": 46.6618537902832, "reg_train": 0.0, "_timestamp": 1665579855.486583, "_runtime": 910.4876720905304, "_step": 82, "beta_kl": 1, "epoch": 10, "recon_0": {"_type": "image-file", "sha256": "4d3a83f041f31d257567446f1a4ef45743fca4deeff50861141133eb17e99def", "size": 119281, "path": "media/images/recon_0_78_4d3a83f041f31d257567.png", "format": "png", "width": 530, "height": 134}, "recon_1": {"_type": "image-file", "sha256": "248258d5af38a905c25df996124b734cbf0e00f5a5a27ff2e5c50348e5624f3e", "size": 928, "path": "media/images/recon_1_79_248258d5af38a905c25d.png", "format": "png", "width": 338, "height": 8}, "generate_joint": {"_type": "image-file", "sha256": "f66ee7925a4476f946ea052d09c3ad115ce3ee830cc4218d896ad3c01b6b8107", "size": 213995, "path": "media/images/generate_joint_80_f66ee7925a4476f946ea.png", "format": "png", "width": 1060, "height": 266}, "loss_0_test": 163.7572784423828, "loss_1_test": 10.39222526550293, "loss_test": -174.1494903564453, "kld_prior_test": 46.474639892578125, "reg_test": 0.0, "test_loss": 220.6241323158378}