{"loss_0_train": 144.95558166503906, "loss_1_train": 9.335886001586914, "loss_train": -154.29147338867188, "kld_prior_train": 51.631309509277344, "reg_train": 115.9049072265625, "_timestamp": 1665581592.6961372, "_runtime": 2647.6972262859344, "_step": 246, "beta_kl": 1, "epoch": 30, "recon_0": {"_type": "image-file", "sha256": "c5a27d29770b82200d7427d1aab825b7a5b63bb3acaf6a236be7c2d3f0333fa1", "size": 117065, "path": "media/images/recon_0_242_c5a27d29770b82200d74.png", "format": "png", "width": 530, "height": 134}, "recon_1": {"_type": "image-file", "sha256": "c85fc86bea26c9737452a4030c4f334767eb03730c234e116a96d3bba13410b2", "size": 889, "path": "media/images/recon_1_243_c85fc86bea26c9737452.png", "format": "png", "width": 338, "height": 8}, "generate_joint": {"_type": "image-file", "sha256": "ffd170f582998541c4bdfdbc2cf348d8022fb75d8e67a6fc39f3f31fd1887450", "size": 209657, "path": "media/images/generate_joint_244_ffd170f582998541c4bd.png", "format": "png", "width": 1060, "height": 266}, "loss_0_test": 147.32862854003906, "loss_1_test": 9.465300559997559, "loss_test": -156.79397583007812, "kld_prior_test": 51.27930450439453, "reg_test": 92.2426528930664, "test_loss": 92.24266882581668, "recon_loss_0_train": 300.0628662109375, "kld_0_train": 26.760156631469727, "recon_loss_1_train": 3.4299261569976807, "kld_1_train": 51.81958770751953, "recon_loss_0_test": 179.50502014160156, "kld_0_test": 14.968724250793457, "recon_loss_1_test": 2.610870599746704, "kld_1_test": 50.787601470947266, "_wandb": {"runtime": 2646}}