{"loss_0": 55.81100082397461, "loss_1": 50.0240592956543, "loss": -105.8350601196289, "kld_prior": 10.747064590454102, "reg": 0.0, "_timestamp": 1655994501, "_runtime": 3, "_step": 1, "epoch": 1}