{"loss_0": 88.09860229492188, "loss_1": 46.93488311767578, "loss": -135.03353881835938, "kld_prior": 58.3129768371582, "reg": 0.0, "_timestamp": 1655992181, "_runtime": 51, "_step": 0, "_wandb": {"runtime": 50}}