{"train_loss": 0.005299708396972467, "_timestamp": 1661344454, "_runtime": 23, "_step": 40, "test_loss": 0.5413078852632845, "_wandb": {"runtime": 24}}