{"loss_0_train": 32.16704559326172, "loss_1_train": 42.00054168701172, "loss_train": -74.16754150390625, "kld_prior_train": 10.008413314819336, "reg_train": 0.0, "_timestamp": 1656409026, "_runtime": 13, "_step": 2, "beta_kl": 0.11000000000000001, "epoch": 1, "_wandb": {"runtime": 83}}