{"train_loss": 0.046438558120280506, "_timestamp": 1661339512, "_runtime": 18, "_step": 20, "test_loss": 0.9239215844056823, "_wandb": {"runtime": 19}}