{"loss_0_train": 44.66868209838867, "loss_1_train": 38.271018981933594, "loss_train": -82.93968963623047, "kld_prior_train": 9.72804069519043, "reg_train": 0.0, "_timestamp": 1656425537, "_runtime": 82, "_step": 5, "beta_kl": 0.1, "epoch": 1, "neg_entropy": -0.2849581491322503, "acc0": 0.4860999882221222, "acc1": 0.44579997658729553, "fid_joint": 219.5706446470343, "cond_samples_0x0.png": {"_type": "image-file", "sha256": "74939af90b3d178b846e25dc37692a3359a060dc11f6f611c51796cabc956aa7", "size": 80825, "path": "media/images/cond_samples_0x0.png_4_74939af90b3d178b846e.png", "format": "png", "width": 274, "height": 376}, "cond_samples_0x1.png": {"_type": "image-file", "sha256": "77a35d03e734338daf3dad6b01adeab41d005a3a4ce5d1bef9b407b80cb92223", "size": 98675, "path": "media/images/cond_samples_0x1.png_5_77a35d03e734338daf3d.png", "format": "png", "width": 274, "height": 376}, "_wandb": {"runtime": 83}}