{"loss_0": 33.67475128173828, "loss_1": 46.58513641357422, "loss": -80.25997924804688, "kld_prior": 11.801504135131836, "reg": 0.0, "_timestamp": 1655384161, "_runtime": 48, "_step": 1, "epoch": 1, "_wandb": {"runtime": 115}}