{"train_loss": 0.03320442785819371, "_timestamp": 1661344811, "_runtime": 23, "_step": 40, "test_loss": 0.4574602037281185, "_wandb": {"runtime": 24}}