{"lpx_zs00": -51853.59765625, "lpx_zs01": -206.8158721923828, "lpx_zs10": -974.1900634765625, "lpx_zs11": -13794.73046875, "_timestamp": 1655724251, "_runtime": 15, "_step": 1, "epoch": 1, "_wandb": {"runtime": 46}}