{"loss_0": 76.6064453125, "loss_1": 40.370792388916016, "loss": -116.97718048095703, "kld_prior": 28.921661376953125, "reg": 0.0, "_timestamp": 1655916721, "_runtime": 49, "_step": 1, "epoch": 1, "_wandb": {"runtime": 74}}