{"train_loss": 0.00028177266188625556, "_timestamp": 1661339147, "_runtime": 107, "_step": 131, "test_loss": 0.8149067749089393, "_wandb": {"runtime": 109}}