{"_timestamp": 1666605347.9775145, "_runtime": 157.47408843040466, "_step": 0, "_wandb": {"runtime": 194}}