{"loss_0": 21.223838806152344, "loss_1": 18.36090660095215, "loss": -39.584747314453125, "kld_prior": 11.184242248535156, "reg": 1.4560546875, "recon_loss_0": 0.1016194149851799, "kld_0": 6.611809730529785, "recon_loss_1": 0.0879129096865654, "kld_1": 6.053405284881592, "_timestamp": 1656081189, "_runtime": 91, "_step": 0, "_wandb": {"runtime": 92}}