{"loss_0_train": 34.14427947998047, "loss_1_train": 28.268339157104492, "loss_train": -62.41260528564453, "kld_prior_train": 31.82699203491211, "reg_train": 87.090576171875, "recon_loss_0_train": 17.69413948059082, "kld_0_train": 15.459993362426758, "recon_loss_1_train": 48.227333068847656, "kld_1_train": 26.512502670288086, "_timestamp": 1656512864, "_runtime": 298, "_step": 3, "beta_kl": 1, "epoch": 30, "accuracy1": 0.2785000205039978, "accuracy2": 0.7765000462532043, "joint_coherence": 0.7599999904632568, "fid_joint": 267.34725700748805, "fids_0": 271.00818449354756, "fids_1": 278.8464984769511, "_wandb": {"runtime": 299}}