{"_timestamp": 1665762136.7057357, "_runtime": 166.82288074493408, "_step": 1, "epoch": 1, "_wandb": {"runtime": 167}}