{"lpx_zs00": -2612.035400390625, "lpx_zs01": -35.93061447143555, "lpx_zs10": -36.22782516479492, "lpx_zs11": -2619.119384765625, "_timestamp": 1655729030, "_runtime": 22, "_step": 1, "epoch": 1, "_wandb": {"runtime": 77}}