{"lpx_zs00": -13563.7177734375, "lpx_zs01": -254.8164520263672, "lpx_zs10": -527.4278564453125, "lpx_zs11": -13956.689453125, "_timestamp": 1655724329, "_runtime": 16, "_step": 1, "epoch": 1, "_wandb": {"runtime": 32}}