{"train_loss": 0.0026937395342004795, "_timestamp": 1661339480, "_runtime": 17, "_step": 19, "test_loss": 0.5213656532880547, "_wandb": {"runtime": 18}}