{"train_loss": 0.002087852336311092, "_timestamp": 1661339222, "_runtime": 51, "_step": 59, "test_loss": 0.5775065425868061, "_wandb": {"runtime": 51}}