{"loss_0_train": 1088.3831787109375, "loss_1_train": 28.0711727142334, "loss_train": -1116.4542236328125, "kld_prior_train": 0.1704670488834381, "reg_train": 279.4275817871094, "recon_loss_0_train": 1088.3856201171875, "kld_0_train": 2.8451337814331055, "recon_loss_1_train": 10.165359497070312, "kld_1_train": 0.09474515169858932, "_timestamp": 1665589664.1189582, "_runtime": 161.6868302822113, "_step": 8, "beta_kl": 1, "epoch": 1, "recon_0": {"_type": "image-file", "sha256": "e02b3246d0b2dfd9dff750596bb748951ddf7b0985dbf6a3c5f41a76b9ae2701", "size": 112252, "path": "media/images/recon_0_4_e02b3246d0b2dfd9dff7.png", "format": "png", "width": 530, "height": 134}, "recon_1": {"_type": "image-file", "sha256": "842ecdcc3b06dc30372134a1f80adab69c2d4a50fa47e4f28714f57f4ea2bdfd", "size": 1025, "path": "media/images/recon_1_5_842ecdcc3b06dc303721.png", "format": "png", "width": 338, "height": 8}, "generate_joint": {"_type": "image-file", "sha256": "ec70b3aa938d8cd417c13ce9242db14b839dc4f20bbd546e8eec19d2f90a7b4c", "size": 55534, "path": "media/images/generate_joint_6_ec70b3aa938d8cd417c1.png", "format": "png", "width": 1636, "height": 410}, "loss_0_test": 1071.732666015625, "loss_1_test": 28.09613037109375, "loss_test": -1099.8287353515625, "kld_prior_test": 0.17052479088306427, "reg_test": 272.39190673828125, "recon_loss_0_test": 1071.73291015625, "kld_0_test": 0.055516842752695084, "recon_loss_1_test": 10.176233291625977, "kld_1_test": 0.053644824773073196, "test_loss": 272.3918546616248, "_wandb": {"runtime": 166}}