{"loss_0_train": 215.31881713867188, "loss_1_train": 12.636873245239258, "loss_train": -227.95567321777344, "kld_prior_train": 41.35090637207031, "reg_train": 0.0, "_timestamp": 1665588851.906141, "_runtime": 251.18401312828064, "_step": 18, "beta_kl": 1, "epoch": 2, "recon_0": {"_type": "image-file", "sha256": "bda40bc06f1f84964c9d27b144824ea6b1a854d6597918adcdf7a08c218f0d18", "size": 119634, "path": "media/images/recon_0_13_bda40bc06f1f84964c9d.png", "format": "png", "width": 530, "height": 134}, "recon_1": {"_type": "image-file", "sha256": "fa9e83a9e0b1a452454d2cb14ba3aeb44b0f4eaad02f91771645e0b0c5b333c3", "size": 1026, "path": "media/images/recon_1_14_fa9e83a9e0b1a452454d.png", "format": "png", "width": 338, "height": 8}, "generate_joint": {"_type": "image-file", "sha256": "97935f6b09e261bc4a548b476630433ebc8981d2b6bd9f11c98d9d60e965e72f", "size": 246102, "path": "media/images/generate_joint_6_97935f6b09e261bc4a54.png", "format": "png", "width": 1636, "height": 410}, "loss_0_test": 232.4854736328125, "loss_1_test": 13.012853622436523, "loss_test": -245.4983367919922, "kld_prior_test": 42.006935119628906, "reg_test": 0.0, "test_loss": 287.5052468053179, "_wandb": {"runtime": 263}}