{"train_loss": 0.009372080808194976, "_timestamp": 1661436385, "_runtime": 134, "_step": 204, "test_loss": 0.9123472189923821, "_wandb": {"runtime": 134}}