{"loss_0_train": 139.3555450439453, "loss_1_train": 9.129277229309082, "loss_train": -148.48483276367188, "kld_prior_train": 51.50389862060547, "reg_train": 96.31229400634766, "recon_loss_0_train": 1018.723388671875, "kld_0_train": 47.142242431640625, "recon_loss_1_train": 5.217419147491455, "kld_1_train": 49.1700553894043, "_timestamp": 1665676983.2347758, "_runtime": 37.72819972038269, "_step": 1, "beta_kl": 1, "_wandb": {"runtime": 46}}