{"loss": -74.79044342041016, "kld_prior": 10.227556228637695, "reg": 0.0, "_timestamp": 1655200592, "_runtime": 6, "_step": 1, "epoch": 1, "_wandb": {"runtime": 22}}