{"train_loss": 0.02461955279111862, "_timestamp": 1661345177, "_runtime": 22, "_step": 40, "test_loss": 0.8460492150156529, "_wandb": {"runtime": 24}}