{"train_loss": 29.804086685180664, "_timestamp": 1655915834, "_runtime": 32, "_step": 43, "test_loss": 29.561002731323242, "samples": {"_type": "image-file", "sha256": "f12668b709de711d14cde61f3d1bfad532af66ac79bce2eec973dbd65c1800fe", "size": 45383, "path": "media/images/samples_35_f12668b709de711d14cd.png", "format": "png", "width": 242, "height": 242}, "_wandb": {"runtime": 34}}