{"train_loss": 0.06164305359125137, "_timestamp": 1661436231, "_runtime": 57, "_step": 87, "test_loss": 0.002046119732161363, "_wandb": {"runtime": 57}}