{"loss_0_train": 462.8310241699219, "loss_1_train": 16.51158905029297, "loss_train": -479.3424987792969, "kld_prior_train": 33.42728805541992, "reg_train": 0.0, "_timestamp": 1665587992.7071533, "_runtime": 99.44901132583618, "_step": 5, "beta_kl": 1, "epoch": 1, "recon_0": {"_type": "image-file", "sha256": "450391ca1fb6b4035abcafb9ae5c251d7fdea27b0cfa7bcf2a78e382fcee62f8", "size": 119536, "path": "media/images/recon_0_4_450391ca1fb6b4035abc.png", "format": "png", "width": 530, "height": 134}, "recon_1": {"_type": "image-file", "sha256": "0465295f7da22ee975f4381b7baa01cee7a4a7d2ea7a90d92ec60fb19c03100a", "size": 1099, "path": "media/images/recon_1_5_0465295f7da22ee975f4.png", "format": "png", "width": 338, "height": 8}, "_wandb": {"runtime": 98}}