{"loss_0": 21.223838806152344, "loss_1": 18.36090660095215, "loss": -39.584747314453125, "kld_prior": 11.184242248535156, "reg": 18.539608001708984, "recon_loss_0": 0.09897179901599884, "kld_0": 6.663759708404541, "recon_loss_1": 0.08573775738477707, "kld_1": 6.079528331756592, "_timestamp": 1656324568, "_runtime": 160, "_step": 2, "beta_kl": 0.8, "epoch": 15, "_wandb": {"runtime": 160}}