{"loss_0_train": 32.25814437866211, "loss_1_train": 42.09437561035156, "loss_train": -74.35252380371094, "kld_prior_train": 10.009771347045898, "reg_train": 0.0, "_timestamp": 1656409765, "_runtime": 13, "_step": 2, "beta_kl": 0.11000000000000001, "epoch": 1, "_wandb": {"runtime": 82}}