{"loss_0_train": 4.698081970214844, "loss_1_train": 13.424009323120117, "loss_train": -18.122079849243164, "kld_prior_train": 8.364642143249512, "reg_train": 9.042973518371582, "recon_loss_0_train": 14.555814743041992, "kld_0_train": 4.647701740264893, "recon_loss_1_train": 35.542964935302734, "kld_1_train": 4.395272254943848, "_timestamp": 1659088578, "_runtime": 15, "_step": 1, "beta_kl": 1.0, "_wandb": {"runtime": 18}}