{"train_loss": 29.38093376159668, "_timestamp": 1655915331, "_runtime": 29, "_step": 43, "test_loss": 29.206937789916992, "samples": {"_type": "image-file", "sha256": "e0b4294ba818d330e0113f2c1f507ed2b64e497dc372742bf88b3ec327998e72", "size": 44726, "path": "media/images/samples_35_e0b4294ba818d330e011.png", "format": "png", "width": 242, "height": 242}, "_wandb": {"runtime": 30}}