{"_timestamp": 1665761879.0149095, "_runtime": 144.73238945007324, "_step": 1, "epoch": 1, "_wandb": {"runtime": 144}}