{"train_loss": 29.476083755493164, "_timestamp": 1655915245, "_runtime": 30, "_step": 43, "test_loss": 29.300418853759766, "samples": {"_type": "image-file", "sha256": "2018a83ecb9818f0d97dc23f5c0a9b06bd2ff21527ecfd924fe21dcfc0a86bf4", "size": 43464, "path": "media/images/samples_35_2018a83ecb9818f0d97d.png", "format": "png", "width": 242, "height": 242}, "_wandb": {"runtime": 30}}