{"loss_0_train": 34.14427947998047, "loss_1_train": 28.268339157104492, "loss_train": -62.41260528564453, "kld_prior_train": 31.82699203491211, "reg_train": 87.05633544921875, "recon_loss_0_train": 17.69413948059082, "kld_0_train": 15.459993362426758, "recon_loss_1_train": 48.275306701660156, "kld_1_train": 26.47840118408203, "_timestamp": 1656512474, "_runtime": 105, "_step": 2, "beta_kl": 1, "epoch": 30, "_wandb": {"runtime": 169}}